epoch,loss,val_loss
0,0.064435250649,0.0651974382681
1,0.0605898991285,0.0609087053775
2,0.0580445830281,0.0653848373429
3,0.0575303836458,0.0589984318356
4,0.0567849636045,0.0578555770062
5,0.0556863887907,0.0578105680455
6,0.0556467429287,0.0590112786682
7,0.055185145642,0.0633637883072
8,0.0548483257548,0.0584997577384
9,0.053379926706,0.0578949629434
