epoch,loss,val_loss
0,0.0254340144321,0.0209436255011
1,0.021904788202,0.0202752939838
2,0.0202211758716,0.0186631291994
3,0.0186703440756,0.0190052382222
4,0.0175240473739,0.0185073884389
5,0.016388193229,0.018479321986
6,0.0153879264871,0.0159831334702
7,0.0138061016093,0.0159074058803
8,0.0125904362185,0.0161688132629
9,0.0115193047004,0.0152673969689
