epoch,loss,val_loss
0,0.0618528367554,0.0501634302436
1,0.0564861155264,0.0474998225906
2,0.0548328986575,0.0475168582131
3,0.0549354110269,0.0473519491413
4,0.0540398091721,0.0469039631575
